<?xml version="1.0" encoding="UTF-8"?>
<project-private xmlns="http://www.netbeans.org/ns/project-private/1">
    <editor-bookmarks xmlns="http://www.netbeans.org/ns/editor-bookmarks/2" lastBookmarkId="0"/>
    <open-files xmlns="http://www.netbeans.org/ns/projectui-open-files/2">
        <group>
            <file>file:/D:/IT/S1/DAS,PROG/My%20Array/src/my/array/rataNilai.java</file>
            <file>file:/D:/IT/S1/DAS,PROG/My%20Array/src/my/array/MyArray.java</file>
            <file>file:/D:/IT/S1/DAS,PROG/My%20Array/src/my/array/Task1.java</file>
            <file>file:/D:/IT/S1/DAS,PROG/My%20Array/src/my/array/Task5.java</file>
        </group>
    </open-files>
</project-private>
